date,kashima-antlers,jef-united,urawa-red-diamonds,yokohama-fa-marinos,shimizu-s-pulse,nagoya-grampus-eight,gamba-osaka,jubilo-iwata,kawasaki-frontale,fc-tokyo,omiya-ardija,oita-trinita,albirex-niigata,vissel-kobe,kashiwa-reysol,kyoto-sanga,sanfrecce-hiroshima,montedio-yamagata
2009-03-07,0,0,0,0,0,0,0,0,0,0,0,0,0,0,0,0,0,0
2009-03-08,2,-3,-2,-2,0,1,3,-4,0,-3,0,-1,3,0,0,0,2,4
2009-03-09,2,-3,-2,-2,0,1,3,-4,0,-3,0,-1,3,-1,0,1,2,4
2009-03-10,2,-3,-2,-2,0,1,3,-4,0,-3,0,-1,3,-1,0,1,2,4
2009-03-11,2,-3,-2,-2,0,1,3,-4,0,-3,0,-1,3,-1,0,1,2,4
2009-03-12,2,-3,-2,-2,0,1,3,-4,0,-3,0,-1,3,-1,0,1,2,4
2009-03-13,2,-3,-2,-2,0,1,3,-4,0,-3,0,-1,3,-1,0,1,2,4
2009-03-14,2,-3,-2,-2,0,1,3,-4,0,-3,0,-1,3,-1,0,1,2,4
2009-03-15,2,-3,0,-2,0,1,6,-7,-1,-5,0,0,3,0,0,0,2,4
2009-03-16,1,-3,0,-2,0,1,6,-7,-1,-5,1,0,4,0,0,0,1,4
2009-03-17,1,-3,0,-2,0,1,6,-7,-1,-5,1,0,4,0,0,0,1,4
2009-03-18,1,-3,0,-2,0,1,6,-7,-1,-5,1,0,4,0,0,0,1,4
2009-03-19,1,-3,0,-2,0,1,6,-7,-1,-5,1,0,4,0,0,0,1,4
2009-03-20,1,-3,0,-2,0,1,6,-7,-1,-5,1,0,4,0,0,0,1,4
2009-03-21,1,-3,0,-2,0,1,6,-7,-1,-5,1,0,4,0,0,0,1,4
2009-03-22,1,-3,0,-2,0,1,6,-7,-1,-4,1,0,4,0,0,0,1,3
2009-03-23,2,-3,0,-2,-2,3,5,-7,-1,-4,1,0,4,0,0,1,0,3
2009-03-24,2,-3,0,-2,-2,3,5,-7,-1,-4,1,0,4,0,0,1,0,3
2009-03-25,2,-3,0,-2,-2,3,5,-7,-1,-4,1,0,4,0,0,1,0,3
2009-03-26,2,-3,0,-2,-2,3,5,-7,-1,-4,1,0,4,0,0,1,0,3
2009-03-27,2,-3,0,-2,-2,3,5,-7,-1,-4,1,0,4,0,0,1,0,3
2009-03-28,2,-3,0,-2,-2,3,5,-7,-1,-4,1,0,4,0,0,1,0,3
2009-03-29,2,-3,0,-2,-2,3,5,-7,-1,-4,1,0,4,0,0,1,0,3
2009-03-30,2,-3,0,-2,-2,3,5,-7,-1,-4,1,0,4,0,0,1,0,3
2009-03-31,2,-3,0,-2,-2,3,5,-7,-1,-4,1,0,4,0,0,1,0,3
2009-04-01,2,-3,0,-2,-2,3,5,-7,-1,-4,1,0,4,0,0,1,0,3
2009-04-02,2,-3,0,-2,-2,3,5,-7,-1,-4,1,0,4,0,0,1,0,3
2009-04-03,2,-3,0,-2,-2,3,5,-7,-1,-4,1,0,4,0,0,1,0,3
2009-04-04,2,-3,0,-2,-2,3,5,-7,-1,-4,1,0,4,0,0,1,0,3
2009-04-05,3,-3,1,-3,-2,1,5,-8,1,-3,1,-1,5,0,0,0,0,3
2009-04-06,3,-4,1,-3,-1,1,5,-8,1,-3,1,-1,5,-1,0,0,0,4
2009-04-07,3,-4,1,-3,-1,1,5,-8,1,-3,1,-1,5,-1,0,0,0,4
2009-04-08,3,-4,1,-3,-1,1,5,-8,1,-3,1,-1,5,-1,0,0,0,4
2009-04-09,3,-4,1,-3,-1,1,5,-8,1,-3,1,-1,5,-1,0,0,0,4
2009-04-10,3,-4,1,-3,-1,1,5,-8,1,-3,1,-1,5,-1,0,0,0,4
2009-04-11,3,-4,1,-3,-1,1,5,-8,1,-3,1,-1,5,-1,0,0,0,4
2009-04-12,3,-4,1,2,-1,1,5,-8,1,-3,1,-2,4,-6,-3,1,3,5
2009-04-13,4,-4,2,2,0,0,4,-8,0,-4,2,-2,4,-6,-3,1,3,5
2009-04-14,4,-4,2,2,0,0,4,-8,0,-4,2,-2,4,-6,-3,1,3,5
2009-04-15,4,-4,2,2,0,0,4,-8,0,-4,2,-2,4,-6,-3,1,3,5
2009-04-16,4,-4,2,2,0,0,4,-8,0,-4,2,-2,4,-6,-3,1,3,5
2009-04-17,4,-4,2,2,0,0,4,-8,0,-4,2,-2,4,-6,-3,1,3,5
2009-04-18,4,-4,2,2,0,0,5,-8,0,-4,2,-2,4,-6,-3,1,3,4
2009-04-19,4,-3,3,2,0,1,5,-8,2,-5,0,-2,4,-6,-4,0,3,4
2009-04-20,4,-3,3,2,-3,1,5,-5,2,-5,0,-3,4,-5,-4,0,3,4
2009-04-21,4,-3,3,2,-3,1,5,-5,2,-5,0,-3,4,-5,-4,0,3,4
2009-04-22,4,-3,3,2,-3,1,5,-5,2,-5,0,-3,4,-5,-4,0,3,4
2009-04-23,4,-3,3,2,-3,1,5,-5,2,-5,0,-3,4,-5,-4,0,3,4
2009-04-24,4,-3,3,2,-3,1,5,-5,2,-5,0,-3,4,-5,-4,0,3,4
2009-04-25,4,-3,3,2,-3,1,5,-5,2,-5,0,-3,4,-5,-4,0,3,4
2009-04-26,4,-4,4,2,-3,1,5,-4,2,-4,-1,-4,5,-5,-4,-1,3,4
2009-04-27,4,-4,4,1,-3,2,3,-4,2,-4,-1,-4,5,-3,-4,-1,3,4
2009-04-28,4,-4,4,1,-3,2,3,-4,2,-4,-1,-4,5,-3,-4,-1,3,4
2009-04-29,4,-4,4,1,-3,2,3,-4,2,-4,-1,-4,5,-3,-4,-1,3,4
2009-04-30,5,-4,4,2,-3,2,5,-5,5,-6,-4,-5,5,-4,-3,-4,3,7
2009-05-01,5,-4,4,2,-3,2,5,-5,5,-6,-4,-5,5,-4,-3,-4,3,7
2009-05-02,5,-4,4,2,-3,2,5,-5,5,-6,-4,-5,5,-4,-3,-4,3,7
2009-05-03,7,-6,5,3,-3,3,7,-4,4,-5,-5,-7,4,-5,-3,-5,3,7
2009-05-04,7,-6,5,3,-3,3,7,-4,4,-5,-5,-7,4,-5,-3,-5,3,7
2009-05-05,7,-6,5,3,-3,3,7,-4,4,-5,-5,-7,4,-5,-3,-5,3,7
2009-05-06,7,-6,6,1,-3,3,7,-4,4,-7,-2,-10,4,-3,-4,-3,5,5
2009-05-07,7,-6,6,1,-3,3,7,-4,4,-7,-2,-10,4,-3,-4,-3,5,5
2009-05-08,7,-6,6,1,-3,3,7,-4,4,-7,-2,-10,4,-3,-4,-3,5,5
2009-05-09,7,-6,6,1,-3,3,7,-4,4,-7,-2,-10,4,-3,-4,-3,5,5
2009-05-10,7,-5,6,2,-3,3,7,-2,4,-7,-4,-11,5,-3,-4,-3,4,4
2009-05-11,8,-5,5,2,-4,3,11,-2,5,-7,-4,-11,5,-3,-8,-3,4,4
2009-05-12,8,-5,5,2,-4,3,11,-2,5,-7,-4,-11,5,-3,-8,-3,4,4
2009-05-13,8,-5,5,2,-4,3,11,-2,5,-7,-4,-11,5,-3,-8,-3,4,4
2009-05-14,8,-5,5,2,-4,3,11,-2,5,-7,-4,-11,5,-3,-8,-3,4,4
2009-05-15,8,-5,5,2,-4,3,11,-2,5,-7,-4,-11,5,-3,-8,-3,4,4
2009-05-16,8,-5,5,2,-4,3,11,-2,5,-7,-4,-11,5,-3,-8,-3,4,4
2009-05-17,9,-5,5,1,-2,3,11,-4,7,-6,-4,-13,5,-3,-9,-3,6,2
2009-05-18,9,-6,5,1,-2,3,11,-4,7,-6,-4,-13,7,-5,-9,-2,6,2
2009-05-19,9,-6,5,1,-2,3,11,-4,7,-6,-4,-13,7,-5,-9,-2,6,2
2009-05-20,9,-6,5,1,-2,3,11,-4,7,-6,-4,-13,7,-5,-9,-2,6,2
2009-05-21,9,-6,5,1,-2,3,11,-4,7,-6,-4,-13,7,-5,-9,-2,6,2
2009-05-22,9,-6,5,1,-2,3,11,-4,7,-6,-4,-13,7,-5,-9,-2,6,2
2009-05-23,9,-6,5,1,-2,3,11,-4,7,-6,-4,-13,7,-5,-9,-2,6,2
2009-05-24,9,-6,5,1,-1,3,11,-4,7,-6,-4,-14,6,-3,-11,-2,7,2
2009-05-25,10,-6,5,1,-1,2,10,-3,8,-7,-4,-14,6,-3,-11,-2,7,2
2009-05-26,10,-6,5,1,-1,2,10,-3,8,-7,-4,-14,6,-3,-11,-2,7,2
2009-05-27,10,-6,5,1,-1,2,10,-3,8,-7,-4,-14,6,-3,-11,-2,7,2
2009-05-28,10,-6,5,1,-1,2,10,-3,8,-7,-4,-14,6,-3,-11,-2,7,2
2009-05-29,10,-6,5,1,-1,2,10,-3,8,-7,-4,-14,6,-3,-11,-2,7,2
2009-05-30,10,-6,5,1,-1,2,10,-3,8,-7,-4,-14,6,-3,-11,-2,7,2
2009-05-31,10,-6,5,1,-1,2,10,-3,8,-7,-4,-14,6,-3,-11,-2,7,2
2009-06-01,10,-6,5,1,-1,2,10,-3,8,-7,-4,-14,6,-3,-11,-2,7,2
2009-06-02,10,-6,5,1,-1,2,10,-3,8,-7,-4,-14,6,-3,-11,-2,7,2
2009-06-03,10,-6,5,1,-1,2,10,-3,8,-7,-4,-14,6,-3,-11,-2,7,2
2009-06-04,10,-6,5,1,-1,2,10,-3,8,-7,-4,-14,6,-3,-11,-2,7,2
2009-06-05,10,-6,5,1,-1,2,10,-3,8,-7,-4,-14,6,-3,-11,-2,7,2
2009-06-06,10,-6,5,1,-1,2,10,-3,8,-7,-4,-14,6,-3,-11,-2,7,2
2009-06-07,10,-6,5,1,-1,2,10,-3,8,-7,-4,-14,6,-3,-11,-2,7,2
2009-06-08,10,-6,5,1,-1,2,10,-3,8,-7,-4,-14,6,-3,-11,-2,7,2
2009-06-09,10,-6,5,1,-1,2,10,-3,8,-7,-4,-14,6,-3,-11,-2,7,2
2009-06-10,10,-6,5,1,-1,2,10,-3,8,-7,-4,-14,6,-3,-11,-2,7,2
2009-06-11,10,-6,5,1,-1,2,10,-3,8,-7,-4,-14,6,-3,-11,-2,7,2
2009-06-12,10,-6,5,1,-1,2,10,-3,8,-7,-4,-14,6,-3,-11,-2,7,2
2009-06-13,10,-6,5,1,-1,2,10,-3,8,-7,-4,-14,6,-3,-11,-2,7,2
2009-06-14,10,-6,5,1,-1,2,10,-3,8,-7,-4,-14,6,-3,-11,-2,7,2
2009-06-15,10,-6,5,1,-1,2,10,-3,8,-7,-4,-14,6,-3,-11,-2,7,2
2009-06-16,10,-6,5,1,-1,2,10,-3,8,-7,-4,-14,6,-3,-11,-2,7,2
2009-06-17,10,-6,5,1,-1,2,10,-3,8,-7,-4,-14,6,-3,-11,-2,7,2
2009-06-18,10,-6,5,1,-1,2,10,-3,8,-7,-4,-14,6,-3,-11,-2,7,2
2009-06-19,10,-6,5,1,-1,2,10,-3,8,-7,-4,-14,6,-3,-11,-2,7,2
2009-06-20,10,-6,5,1,-1,2,10,-3,8,-7,-4,-14,6,-3,-11,-2,7,2
2009-06-21,11,-5,5,1,2,1,8,-4,10,-4,-3,-16,8,-3,-14,-3,7,-1
2009-06-22,11,-5,3,3,2,1,8,-4,10,-4,-3,-16,8,-4,-14,-3,8,-1
2009-06-23,11,-5,3,3,2,1,8,-4,10,-4,-3,-16,8,-4,-14,-3,8,-1
2009-06-24,11,-5,3,3,2,1,8,-4,10,-4,-3,-16,8,-4,-14,-3,8,-1
2009-06-25,11,-5,3,3,2,1,8,-4,10,-4,-3,-16,8,-4,-14,-3,8,-1
2009-06-26,11,-5,3,3,2,1,8,-4,10,-4,-3,-16,8,-4,-14,-3,8,-1
2009-06-27,11,-5,3,3,2,1,8,-4,10,-4,-3,-16,8,-4,-14,-3,8,-1
2009-06-28,11,-7,5,3,1,1,8,-5,10,-3,-1,-16,8,-6,-13,-1,6,-1
2009-06-29,12,-7,5,2,1,0,9,-5,11,-3,-1,-17,9,-6,-13,-1,6,-2
2009-06-30,12,-7,5,2,1,0,9,-5,11,-3,-1,-17,9,-6,-13,-1,6,-2
2009-07-01,12,-7,5,2,1,0,9,-5,11,-3,-1,-17,9,-6,-13,-1,6,-2
2009-07-02,15,-7,5,2,1,-3,8,-5,12,-3,-1,-17,9,-6,-13,-1,6,-2
2009-07-03,15,-7,5,2,1,-3,8,-5,12,-3,-1,-17,9,-6,-13,-1,6,-2
2009-07-04,15,-7,5,2,1,-3,8,-5,12,-3,-1,-17,9,-6,-13,-1,6,-2
2009-07-05,15,-6,6,2,1,-3,8,-5,12,-1,-1,-18,13,-8,-17,-1,6,-3
2009-07-06,15,-6,6,2,1,-2,7,-4,12,-1,-1,-18,13,-8,-17,-1,5,-3
2009-07-07,15,-6,6,2,1,-2,7,-4,12,-1,-1,-18,13,-8,-17,-1,5,-3
2009-07-08,15,-6,6,2,1,-2,7,-4,12,-1,-1,-18,13,-8,-17,-1,5,-3
2009-07-09,15,-6,6,2,1,-2,7,-4,12,-1,-1,-18,13,-8,-17,-1,5,-3
2009-07-10,15,-6,6,2,1,-2,7,-4,12,-1,-1,-18,13,-8,-17,-1,5,-3
2009-07-11,15,-6,6,2,1,-2,7,-4,12,-1,-1,-18,13,-8,-17,-1,5,-3
2009-07-12,17,-6,7,1,4,-2,4,-4,12,-1,-3,-18,13,-8,-17,-1,4,-2
2009-07-13,17,-6,7,1,4,-5,4,-2,12,2,-3,-20,13,-8,-16,-2,4,-2
2009-07-14,17,-6,7,1,4,-5,4,-2,12,2,-3,-20,13,-8,-16,-2,4,-2
2009-07-15,17,-6,7,1,4,-5,4,-2,12,2,-3,-20,13,-8,-16,-2,4,-2
2009-07-16,17,-6,7,1,4,-5,4,-2,12,2,-3,-20,13,-8,-16,-2,4,-2
2009-07-17,17,-6,7,1,4,-5,4,-2,12,2,-3,-20,13,-8,-16,-2,4,-2
2009-07-18,17,-6,7,1,4,-5,4,-2,12,2,-3,-20,13,-8,-16,-2,4,-2
2009-07-19,17,-6,6,1,4,-5,4,-2,12,5,-6,-19,13,-8,-16,-2,4,-2
2009-07-20,17,-9,6,1,4,-5,6,-4,12,5,-6,-19,13,-8,-18,-2,7,0
2009-07-21,17,-9,6,1,4,-5,6,-4,12,5,-6,-19,13,-8,-18,-2,7,0
2009-07-22,17,-9,6,1,4,-5,6,-4,12,5,-6,-19,13,-8,-18,-2,7,0
2009-07-23,17,-9,6,1,4,-5,6,-4,12,5,-6,-19,13,-8,-18,-2,7,0
2009-07-24,17,-9,6,1,4,-5,6,-4,12,5,-6,-19,13,-8,-18,-2,7,0
2009-07-25,17,-9,6,1,4,-5,6,-4,12,5,-6,-19,13,-8,-18,-2,7,0
2009-07-26,17,-10,3,1,5,-2,7,-4,12,5,-5,-20,13,-9,-18,-2,7,0
2009-07-27,17,-10,3,1,5,-2,7,-4,10,5,-5,-20,13,-9,-18,0,7,0
2009-07-28,17,-10,3,1,5,-2,7,-4,10,5,-5,-20,13,-9,-18,0,7,0
2009-07-29,17,-10,3,1,5,-2,7,-4,10,5,-5,-20,13,-9,-18,0,7,0
2009-07-30,17,-10,3,1,5,-2,7,-4,10,5,-5,-20,13,-9,-18,0,7,0
2009-07-31,17,-10,3,1,5,-2,7,-4,10,5,-5,-20,13,-9,-18,0,7,0
2009-08-01,17,-10,3,1,5,-2,7,-4,10,5,-5,-20,13,-9,-18,0,7,0
2009-08-02,16,-11,3,4,5,-3,7,-3,11,4,-5,-19,13,-9,-18,-3,8,0
2009-08-03,16,-11,2,4,6,-3,7,-3,11,4,-5,-19,13,-8,-19,-3,8,0
2009-08-04,16,-11,2,4,6,-3,7,-3,11,4,-5,-19,13,-8,-19,-3,8,0
2009-08-05,16,-11,2,4,6,-3,7,-3,11,4,-5,-19,13,-8,-19,-3,8,0
2009-08-06,16,-11,2,4,6,-3,7,-3,11,4,-5,-19,13,-8,-19,-3,8,0
2009-08-07,16,-11,2,4,6,-3,7,-3,11,4,-5,-19,13,-8,-19,-3,8,0
2009-08-08,16,-11,2,4,6,-3,7,-3,11,4,-5,-19,13,-8,-19,-3,8,0
2009-08-09,16,-11,2,4,6,-3,7,-3,11,4,-5,-19,13,-8,-19,-3,8,0
2009-08-10,16,-11,2,4,6,-3,7,-3,11,4,-5,-19,13,-8,-19,-3,8,0
2009-08-11,16,-11,2,4,6,-3,7,-3,11,4,-5,-19,13,-8,-19,-3,8,0
2009-08-12,16,-11,2,4,6,-3,7,-3,11,4,-5,-19,13,-8,-19,-3,8,0
2009-08-13,16,-11,2,4,6,-3,7,-3,11,4,-5,-19,13,-8,-19,-3,8,0
2009-08-14,16,-11,2,4,6,-3,7,-3,11,4,-5,-19,13,-8,-19,-3,8,0
2009-08-15,16,-11,2,4,6,-3,7,-3,11,4,-5,-19,13,-8,-19,-3,8,0
2009-08-16,17,-11,1,4,6,-5,8,-3,13,4,-5,-20,13,-8,-19,-2,8,-1
2009-08-17,17,-11,1,4,6,-5,8,-3,13,4,-5,-20,13,-8,-19,-2,8,-1
2009-08-18,17,-11,1,4,6,-5,8,-3,13,4,-5,-20,13,-8,-19,-2,8,-1
2009-08-19,17,-11,1,4,6,-5,8,-3,13,4,-5,-20,13,-8,-19,-2,8,-1
2009-08-20,16,-13,-2,5,7,-3,9,-2,12,3,-6,-21,12,-7,-16,-3,9,0
2009-08-21,16,-13,-2,5,7,-3,9,-2,12,3,-6,-21,12,-7,-16,-3,9,0
2009-08-22,16,-13,-2,5,7,-3,9,-2,12,3,-6,-21,12,-7,-16,-3,9,0
2009-08-23,16,-13,-3,5,11,-3,9,-6,12,3,-6,-21,11,-7,-16,-2,10,0
2009-08-24,18,-13,-3,5,11,-2,8,-6,14,1,-6,-21,11,-7,-16,-2,10,-2
2009-08-25,18,-13,-3,5,11,-2,8,-6,14,1,-6,-23,11,-5,-16,-2,10,-2
2009-08-26,18,-13,-3,5,11,-2,8,-6,14,1,-6,-23,11,-5,-16,-2,10,-2
2009-08-27,18,-13,-3,5,11,-2,8,-6,14,1,-6,-23,11,-5,-16,-2,10,-2
2009-08-28,18,-13,-3,5,11,-2,8,-6,14,1,-6,-23,11,-5,-16,-2,10,-2
2009-08-29,18,-13,-3,5,11,-2,8,-6,14,1,-6,-23,11,-5,-16,-2,10,-2
2009-08-30,16,-13,-4,5,11,-1,10,-8,14,3,-4,-25,10,-4,-16,-2,10,-2
2009-08-31,16,-13,-4,5,11,-1,10,-8,14,3,-4,-25,10,-4,-16,-2,11,-3
2009-09-01,16,-13,-4,5,11,-1,10,-8,14,3,-4,-25,10,-4,-16,-2,11,-3
2009-09-02,16,-13,-4,5,11,-1,10,-8,14,3,-4,-25,10,-4,-16,-2,11,-3
2009-09-03,16,-13,-4,5,11,-1,10,-8,14,3,-4,-25,10,-4,-16,-2,11,-3
2009-09-04,16,-13,-4,5,11,-1,10,-8,14,3,-4,-25,10,-4,-16,-2,11,-3
2009-09-05,16,-13,-4,5,11,-1,10,-8,14,3,-4,-25,10,-4,-16,-2,11,-3
2009-09-06,16,-13,-4,5,11,-1,10,-8,14,3,-4,-25,10,-4,-16,-2,11,-3
2009-09-07,16,-13,-4,5,11,-1,10,-8,14,3,-4,-25,10,-4,-16,-2,11,-3
2009-09-08,16,-13,-4,5,11,-1,10,-8,14,3,-4,-25,10,-4,-16,-2,11,-3
2009-09-09,16,-13,-4,5,11,-1,10,-8,14,3,-4,-25,10,-4,-16,-2,11,-3
2009-09-10,16,-13,-4,5,11,-1,10,-8,14,3,-4,-25,10,-4,-16,-2,11,-3
2009-09-11,16,-13,-4,5,11,-1,10,-8,14,3,-4,-25,10,-4,-16,-2,11,-3
2009-09-12,16,-13,-4,5,11,-1,10,-8,14,3,-4,-25,10,-4,-16,-2,11,-3
2009-09-13,16,-14,-4,4,12,-2,11,-8,14,2,-5,-25,11,-5,-15,-1,12,-3
2009-09-14,16,-14,-1,4,12,-2,11,-9,14,2,-5,-24,11,-5,-15,-1,12,-6
2009-09-15,16,-14,-1,4,12,-2,11,-9,14,2,-5,-24,11,-5,-15,-1,12,-6
2009-09-16,16,-14,-1,4,12,-2,11,-9,14,2,-5,-24,11,-5,-15,-1,12,-6
2009-09-17,16,-14,-1,4,12,-2,11,-9,14,2,-5,-24,11,-5,-15,-1,12,-6
2009-09-18,16,-14,-1,4,12,-2,11,-9,14,2,-5,-24,11,-5,-15,-1,12,-6
2009-09-19,16,-14,-1,4,12,-2,11,-9,14,2,-5,-24,11,-5,-15,-1,12,-6
2009-09-20,15,-14,1,5,13,0,11,-6,12,2,-7,-24,11,-5,-15,-4,12,-7
2009-09-21,15,-14,1,5,13,0,11,-6,12,2,-7,-24,11,-5,-15,-4,12,-7
2009-09-22,15,-14,1,5,13,0,11,-6,12,2,-7,-24,11,-5,-15,-4,12,-7
2009-09-23,15,-14,1,5,13,0,11,-6,12,2,-7,-24,11,-5,-15,-4,12,-7
2009-09-24,15,-14,1,5,13,0,11,-6,12,2,-7,-24,11,-5,-15,-4,12,-7
2009-09-25,15,-14,1,5,13,0,11,-6,12,2,-7,-24,11,-5,-15,-4,12,-7
2009-09-26,15,-14,1,5,13,0,11,-6,12,2,-7,-24,11,-5,-15,-4,12,-7
2009-09-27,12,-15,1,5,13,3,12,-7,11,3,-5,-24,12,-5,-15,-6,11,-6
2009-09-28,12,-15,0,6,14,3,12,-7,11,3,-5,-24,12,-6,-15,-6,11,-6
2009-09-29,12,-15,0,6,14,3,12,-7,11,3,-5,-24,12,-6,-15,-6,11,-6
2009-09-30,12,-15,0,6,14,3,12,-7,11,3,-5,-24,12,-6,-15,-6,11,-6
2009-10-01,12,-15,0,6,14,3,12,-7,11,3,-5,-24,12,-6,-15,-6,11,-6
2009-10-02,12,-15,0,6,14,3,12,-7,11,3,-5,-24,12,-6,-15,-6,11,-6
2009-10-03,12,-15,0,6,14,3,12,-7,11,3,-5,-24,12,-6,-15,-6,11,-6
2009-10-04,12,-17,2,6,14,3,12,-6,11,3,-5,-24,12,-6,-16,-6,11,-6
2009-10-05,11,-17,2,4,14,2,15,-6,13,4,-8,-24,13,-6,-16,-6,11,-6
2009-10-06,11,-17,2,4,14,2,15,-6,13,4,-8,-24,13,-6,-16,-6,11,-6
2009-10-07,11,-17,2,4,14,2,15,-6,13,4,-8,-24,13,-6,-16,-6,11,-6
2009-10-08,10,-17,2,4,14,2,15,-6,14,4,-8,-24,13,-6,-16,-6,11,-6
2009-10-09,10,-17,2,4,14,2,15,-6,14,4,-8,-24,13,-6,-16,-6,11,-6
2009-10-10,10,-17,2,4,14,2,15,-6,14,4,-8,-24,13,-6,-16,-6,11,-6
2009-10-11,10,-17,2,4,14,2,15,-6,14,4,-8,-24,13,-6,-16,-6,11,-6
2009-10-12,10,-17,2,4,14,2,15,-6,14,4,-8,-24,13,-6,-16,-6,11,-6
2009-10-13,10,-17,2,4,14,2,15,-6,14,4,-8,-24,13,-6,-16,-6,11,-6
2009-10-14,10,-17,2,4,14,2,15,-6,14,4,-8,-24,13,-6,-16,-6,11,-6
2009-10-15,10,-17,2,4,14,2,15,-6,14,4,-8,-24,13,-6,-16,-6,11,-6
2009-10-16,10,-17,2,4,14,2,15,-6,14,4,-8,-24,13,-6,-16,-6,11,-6
2009-10-17,10,-17,2,4,14,2,15,-6,14,4,-8,-24,13,-6,-16,-6,11,-6
2009-10-18,10,-17,3,5,14,1,15,-6,15,8,-9,-24,12,-7,-20,-6,11,-5
2009-10-19,10,-17,3,5,13,1,15,-6,15,8,-9,-23,12,-7,-20,-6,11,-5
2009-10-20,10,-17,3,5,13,1,15,-6,15,8,-9,-23,12,-7,-20,-6,11,-5
2009-10-21,10,-17,3,5,13,1,15,-6,15,8,-9,-23,12,-7,-20,-6,11,-5
2009-10-22,10,-17,3,5,13,1,15,-6,15,8,-9,-23,12,-7,-20,-6,11,-5
2009-10-23,10,-17,3,5,13,1,15,-6,15,8,-9,-23,12,-7,-20,-6,11,-5
2009-10-24,10,-17,3,5,13,1,15,-6,15,8,-9,-23,12,-7,-20,-6,11,-5
2009-10-25,13,-20,3,5,13,1,15,-6,15,8,-9,-23,11,-6,-21,-6,11,-4
2009-10-26,13,-20,0,5,12,1,15,-6,22,9,-6,-23,11,-6,-21,-6,4,-4
2009-10-27,13,-20,0,5,12,1,15,-6,22,9,-6,-23,11,-6,-21,-6,4,-4
2009-10-28,13,-20,0,5,12,1,15,-6,22,9,-6,-23,11,-6,-21,-6,4,-4
2009-10-29,13,-20,0,5,12,1,15,-6,22,9,-6,-23,11,-6,-21,-6,4,-4
2009-10-30,13,-20,0,5,12,1,15,-6,22,9,-6,-23,11,-6,-21,-6,4,-4
2009-10-31,13,-20,0,5,12,1,15,-6,22,9,-6,-23,11,-6,-21,-6,4,-4
2009-11-01,13,-20,0,5,12,1,15,-6,22,9,-6,-23,11,-6,-21,-6,4,-4
2009-11-02,13,-20,0,5,12,1,15,-6,22,9,-6,-23,11,-6,-21,-6,4,-4
2009-11-03,13,-20,0,5,12,1,15,-6,22,9,-6,-23,11,-6,-21,-6,4,-4
2009-11-04,13,-20,0,5,12,1,15,-6,22,9,-6,-23,11,-6,-21,-6,4,-4
2009-11-05,13,-20,0,5,12,1,15,-6,22,9,-6,-23,11,-6,-21,-6,4,-4
2009-11-06,13,-20,0,5,12,1,15,-6,22,9,-6,-23,11,-6,-21,-6,4,-4
2009-11-07,13,-20,0,5,12,1,15,-6,22,9,-6,-23,11,-6,-21,-6,4,-4
2009-11-08,13,-20,0,5,12,1,15,-6,22,9,-6,-23,11,-6,-21,-6,4,-4
2009-11-09,15,-21,1,4,7,2,18,-8,23,8,-7,-22,13,-7,-16,-9,5,-6
2009-11-10,15,-21,1,4,7,2,18,-8,23,8,-7,-22,13,-7,-16,-9,5,-6
2009-11-11,15,-21,1,4,7,2,18,-8,23,8,-7,-22,13,-7,-16,-9,5,-6
2009-11-12,15,-21,1,4,7,2,18,-8,23,8,-7,-22,13,-7,-16,-9,5,-6
2009-11-13,15,-21,1,4,7,2,18,-8,23,8,-7,-22,13,-7,-16,-9,5,-6
2009-11-14,15,-21,1,4,7,2,18,-8,23,8,-7,-22,13,-7,-16,-9,5,-6
2009-11-15,15,-21,1,4,7,2,18,-8,23,8,-7,-22,13,-7,-16,-9,5,-6
2009-11-16,15,-21,1,4,7,2,18,-8,23,8,-7,-22,13,-7,-16,-9,5,-6
2009-11-17,15,-21,1,4,7,2,18,-8,23,8,-7,-22,13,-7,-16,-9,5,-6
2009-11-18,15,-21,1,4,7,2,18,-8,23,8,-7,-22,13,-7,-16,-9,5,-6
2009-11-19,15,-21,1,4,7,2,18,-8,23,8,-7,-22,13,-7,-16,-9,5,-6
2009-11-20,15,-21,1,4,7,2,18,-8,23,8,-7,-22,13,-7,-16,-9,5,-6
2009-11-21,15,-21,1,4,7,2,18,-8,23,8,-7,-22,13,-7,-16,-9,5,-6
2009-11-22,16,-21,2,4,5,2,20,-9,23,8,-7,-22,12,-7,-15,-10,5,-6
2009-11-23,16,-20,2,4,5,2,20,-9,22,7,-7,-21,12,-7,-15,-10,5,-6
2009-11-24,16,-20,2,4,5,2,20,-9,22,7,-7,-21,12,-7,-15,-10,5,-6
2009-11-25,16,-20,2,4,5,2,20,-9,22,7,-7,-21,12,-7,-15,-10,5,-6
2009-11-26,16,-20,2,4,5,2,20,-9,22,7,-7,-21,12,-7,-15,-10,5,-6
2009-11-27,16,-20,2,4,5,2,20,-9,22,7,-7,-21,12,-7,-15,-10,5,-6
2009-11-28,16,-20,2,4,5,2,20,-9,22,7,-7,-21,12,-7,-15,-10,5,-6
2009-11-29,20,-20,1,4,5,4,16,-10,23,8,-7,-21,11,-8,-15,-9,6,-8
2009-11-30,20,-22,1,6,3,4,16,-10,23,8,-7,-19,11,-8,-15,-9,6,-8
2009-12-01,20,-22,1,6,3,4,16,-10,23,8,-7,-19,11,-8,-15,-9,6,-8
2009-12-02,20,-22,1,6,3,4,16,-10,23,8,-7,-19,11,-8,-15,-9,6,-8
2009-12-03,20,-22,1,6,3,4,16,-10,23,8,-7,-19,11,-8,-15,-9,6,-8
2009-12-04,20,-22,1,6,3,4,16,-10,23,8,-7,-19,11,-8,-15,-9,6,-8
2009-12-05,20,-22,1,6,3,4,16,-10,23,8,-7,-19,11,-8,-15,-9,6,-8
2009-12-06,21,-24,0,6,3,4,18,-10,24,8,-7,-19,11,-8,-16,-12,9,-8
