ID,Year,Sec,Date,Home,Away,HomeID,AwayID,HomeGF,AwayGF,W/L,Stadium,Attendances,HomeRate,AwayRate,HomeRD,AwayRD
07012210,2007,1,2007-03-03,fc-tokyo,sanfrecce-hiroshima,22,10,2,4,2,味スタ,25257,1478,1500,0,0
07010528,2007,1,2007-03-03,yokohama-fa-marinos,ventforet-kofu,5,28,1,0,1,日産ス,24466,1485,1479,0,0
07013178,2007,1,2007-03-03,oita-trinita,albirex-niigata,31,78,1,1,0,九石ド,20039,1493,1471,0,0
07012101,2007,1,2007-03-03,kawasaki-frontale,kashima-antlers,21,1,1,0,1,等々力,20295,1571,1530,0,0
07010718,2007,1,2007-03-03,shimizu-s-pulse,vissel-kobe,7,18,1,0,1,日本平,18333,1545,1380,0,0
07010334,2007,1,2007-03-03,urawa-red-diamonds,yokohama-fc,3,34,2,1,1,埼玉,57188,1589,1380,0,0
07010927,2007,1,2007-03-03,gamba-osaka,omiya-ardija,9,27,1,0,1,万博,18355,1556,1481,0,0
07011113,2007,1,2007-03-04,kashiwa-reysol,jubilo-iwata,11,13,4,0,1,柏,10960,1380,1548,0,0
07010802,2007,1,2007-03-04,nagoya-grampus-eight,jef-united,8,2,2,0,1,瑞穂陸,18410,1516,1472,0,0
07022808,2007,2,2007-03-10,ventforet-kofu,nagoya-grampus-eight,28,8,0,2,2,小瀬,11791,1471,1523,-8,7
07021011,2007,2,2007-03-10,sanfrecce-hiroshima,kashiwa-reysol,10,11,1,1,0,広島ビ,12891,1507,1392,8,12
07021331,2007,2,2007-03-10,jubilo-iwata,oita-trinita,13,31,2,1,1,ヤマハ,11452,1536,1492,-12,-1
07022722,2007,2,2007-03-10,omiya-ardija,fc-tokyo,27,22,0,2,2,埼玉,17023,1475,1470,-6,-8
07023405,2007,2,2007-03-10,yokohama-fc,yokohama-fa-marinos,34,5,1,0,1,三ツ沢,13737,1376,1493,-4,8
07020207,2007,2,2007-03-10,jef-united,shimizu-s-pulse,2,7,1,3,2,フクアリ,15373,1465,1550,-7,4
07020109,2007,2,2007-03-11,kashima-antlers,gamba-osaka,1,9,0,1,2,カシマ,18406,1523,1562,-7,6
07027803,2007,2,2007-03-11,albirex-niigata,urawa-red-diamonds,78,3,2,2,0,東北電ス,40524,1471,1593,1,4
07021821,2007,2,2007-03-11,vissel-kobe,kawasaki-frontale,18,21,1,1,0,ホムスタ,14664,1376,1578,-4,7
07033127,2007,3,2007-03-17,oita-trinita,omiya-ardija,31,27,3,1,1,九石ド,16870,1485,1467,-7,-14
07030328,2007,3,2007-03-17,urawa-red-diamonds,ventforet-kofu,3,28,2,0,1,埼玉,39494,1590,1464,1,-15
07030711,2007,3,2007-03-17,shimizu-s-pulse,kashiwa-reysol,7,11,0,1,2,日本平,11460,1556,1394,11,14
07030201,2007,3,2007-03-17,jef-united,kashima-antlers,2,1,3,3,0,フクアリ,14814,1459,1516,-13,-14
07030518,2007,3,2007-03-17,yokohama-fa-marinos,vissel-kobe,5,18,1,4,2,日産ス,16657,1482,1380,-3,0
07030910,2007,3,2007-03-17,gamba-osaka,sanfrecce-hiroshima,9,10,3,0,1,万博,14123,1569,1504,13,5
07032134,2007,3,2007-03-17,kawasaki-frontale,yokohama-fc,21,34,6,0,1,等々力,18621,1574,1387,3,7
07030878,2007,3,2007-03-18,nagoya-grampus-eight,albirex-niigata,8,78,2,0,1,瑞穂陸,11620,1530,1474,14,3
07032213,2007,3,2007-03-18,fc-tokyo,jubilo-iwata,22,13,0,1,2,味スタ,27046,1478,1543,1,-5
07047821,2007,4,2007-03-31,albirex-niigata,kawasaki-frontale,78,21,2,0,1,東北電ス,31500,1467,1578,-4,7
07042809,2007,4,2007-03-31,ventforet-kofu,gamba-osaka,28,9,1,2,2,小瀬,13064,1459,1576,-20,20
07041302,2007,4,2007-03-31,jubilo-iwata,jef-united,13,2,1,0,1,ヤマハ,12379,1550,1460,2,-12
07042707,2007,4,2007-03-31,omiya-ardija,shimizu-s-pulse,27,7,1,2,2,駒場,7737,1459,1544,-22,-1
07041005,2007,4,2007-03-31,sanfrecce-hiroshima,yokohama-fa-marinos,10,5,1,3,2,広島ビ,9337,1498,1472,-2,-13
07041122,2007,4,2007-03-31,kashiwa-reysol,fc-tokyo,11,22,2,0,1,柏,10793,1406,1472,26,-6
07041801,2007,4,2007-03-31,vissel-kobe,kashima-antlers,18,1,1,1,0,ホムスタ,10518,1390,1515,10,-15
07043408,2007,4,2007-04-01,yokohama-fc,nagoya-grampus-eight,34,8,1,2,2,三ツ沢,10225,1383,1537,3,21
07043103,2007,4,2007-04-01,oita-trinita,urawa-red-diamonds,31,3,2,2,0,九石ド,27163,1493,1595,0,6
07052818,2007,5,2007-04-07,ventforet-kofu,vissel-kobe,28,18,4,3,1,小瀬,8373,1454,1393,-17,17
07050810,2007,5,2007-04-07,nagoya-grampus-eight,sanfrecce-hiroshima,8,10,2,3,2,豊田ス,16825,1541,1489,18,-18
07050921,2007,5,2007-04-07,gamba-osaka,kawasaki-frontale,9,21,2,2,0,万博,18587,1581,1567,19,-11
07052278,2007,5,2007-04-07,fc-tokyo,albirex-niigata,22,78,1,3,2,味スタ,21092,1462,1478,-8,6
07050127,2007,5,2007-04-07,kashima-antlers,omiya-ardija,1,27,0,0,0,カシマ,10234,1512,1453,-11,-22
07050511,2007,5,2007-04-07,yokohama-fa-marinos,kashiwa-reysol,5,11,0,2,2,日産ス,18960,1480,1415,-12,24
07050313,2007,5,2007-04-07,urawa-red-diamonds,jubilo-iwata,3,13,2,1,1,埼玉,45025,1593,1556,0,19
07050234,2007,5,2007-04-08,jef-united,yokohama-fc,2,34,4,0,1,フクアリ,15584,1454,1378,-11,2
07050731,2007,5,2007-04-08,shimizu-s-pulse,oita-trinita,7,31,2,0,1,日本平,13225,1550,1495,1,3
07062708,2007,6,2007-04-14,omiya-ardija,nagoya-grampus-eight,27,8,1,0,1,駒場,6584,1454,1532,-12,2
07063401,2007,6,2007-04-14,yokohama-fc,kashima-antlers,34,1,0,1,2,日産ス,19367,1372,1511,-15,-5
07061028,2007,6,2007-04-14,sanfrecce-hiroshima,ventforet-kofu,10,28,2,2,0,広島ビ,7181,1499,1460,-6,-4
07061802,2007,6,2007-04-14,vissel-kobe,jef-united,18,2,2,1,1,ホムスタ,10983,1386,1461,6,2
07067809,2007,6,2007-04-14,albirex-niigata,gamba-osaka,78,9,2,1,1,東北電ス,32686,1485,1581,11,12
07061305,2007,6,2007-04-14,jubilo-iwata,yokohama-fa-marinos,13,5,1,0,1,ヤマハ,11864,1549,1471,5,-11
07062107,2007,6,2007-04-15,kawasaki-frontale,shimizu-s-pulse,21,7,2,1,1,等々力,21208,1568,1557,-6,1
07061103,2007,6,2007-04-15,kashiwa-reysol,urawa-red-diamonds,11,3,0,2,2,国立,35013,1425,1600,30,10
07063122,2007,6,2007-04-15,oita-trinita,fc-tokyo,31,22,0,0,0,九石ド,17431,1488,1455,3,-24
07072234,2007,7,2007-04-21,fc-tokyo,yokohama-fc,22,34,1,0,1,味スタ,22168,1456,1367,-16,-16
07070321,2007,7,2007-04-21,urawa-red-diamonds,kawasaki-frontale,3,21,1,2,2,埼玉,50531,1605,1575,9,-2
07070227,2007,7,2007-04-21,jef-united,omiya-ardija,2,27,1,0,1,フクアリ,9481,1451,1464,-9,5
07070818,2007,7,2007-04-21,nagoya-grampus-eight,vissel-kobe,8,18,2,0,1,瑞穂陸,10363,1523,1396,-14,6
07072811,2007,7,2007-04-21,ventforet-kofu,kashiwa-reysol,28,11,3,2,1,小瀬,11437,1461,1420,2,15
07070701,2007,7,2007-04-21,shimizu-s-pulse,kashima-antlers,7,1,1,2,2,日本平,12738,1549,1516,5,1
07071078,2007,7,2007-04-21,sanfrecce-hiroshima,albirex-niigata,10,78,0,0,0,広島ビ,8326,1498,1496,0,28
07070531,2007,7,2007-04-22,yokohama-fa-marinos,oita-trinita,5,31,5,0,1,日産ス,17219,1465,1488,-7,-5
07070913,2007,7,2007-04-22,gamba-osaka,jubilo-iwata,9,13,5,2,1,万博,14495,1571,1555,-5,5
07083407,2007,8,2007-04-28,yokohama-fc,shimizu-s-pulse,34,7,1,1,0,日産ス,15008,1361,1541,-22,-4
07083109,2007,8,2007-04-28,oita-trinita,gamba-osaka,31,9,0,4,2,九石ド,20806,1479,1579,-14,3
07082728,2007,8,2007-04-28,omiya-ardija,ventforet-kofu,27,28,1,2,2,駒場,6628,1456,1468,-3,9
07081822,2007,8,2007-04-28,vissel-kobe,fc-tokyo,18,22,0,0,0,ホムスタ,9213,1391,1462,1,-10
07081108,2007,8,2007-04-28,kashiwa-reysol,nagoya-grampus-eight,11,8,2,0,1,柏,11077,1413,1528,8,-9
07087805,2007,8,2007-04-28,albirex-niigata,yokohama-fa-marinos,78,5,0,6,2,東北電ス,41283,1496,1473,28,1
07081310,2007,8,2007-04-28,jubilo-iwata,sanfrecce-hiroshima,13,10,4,2,1,ヤマハ,10131,1547,1498,-3,0
07082102,2007,8,2007-04-29,kawasaki-frontale,jef-united,21,2,1,1,0,等々力,21804,1584,1459,6,-1
07080103,2007,8,2007-04-29,kashima-antlers,urawa-red-diamonds,1,3,0,1,2,カシマ,36146,1524,1596,10,0
07090302,2007,9,2007-05-03,urawa-red-diamonds,jef-united,3,2,1,1,0,埼玉,57440,1602,1462,9,8
07092834,2007,9,2007-05-03,ventforet-kofu,yokohama-fc,28,34,1,0,1,小瀬,16279,1476,1365,22,-13
07090831,2007,9,2007-05-03,nagoya-grampus-eight,oita-trinita,8,31,1,2,2,瑞穂陸,14146,1517,1473,-24,-22
07091809,2007,9,2007-05-03,vissel-kobe,gamba-osaka,18,9,2,2,0,ホムスタ,22236,1392,1584,-1,3
07091027,2007,9,2007-05-03,sanfrecce-hiroshima,omiya-ardija,10,27,2,1,1,広島ビ,13220,1491,1448,1,-5
07091178,2007,9,2007-05-03,kashiwa-reysol,albirex-niigata,11,78,0,0,0,柏の葉,13481,1424,1487,9,9
07092201,2007,9,2007-05-03,fc-tokyo,kashima-antlers,22,1,1,2,2,味スタ,30436,1460,1518,-2,6
07090521,2007,9,2007-05-03,yokohama-fa-marinos,kawasaki-frontale,5,21,2,1,1,日産ス,33498,1482,1581,1,14
07090713,2007,9,2007-05-03,shimizu-s-pulse,jubilo-iwata,7,13,2,1,1,日本平,20318,1537,1554,-14,-2
07103110,2007,10,2007-05-06,oita-trinita,sanfrecce-hiroshima,31,10,1,2,2,九石ド,20224,1482,1498,-13,8
07103418,2007,10,2007-05-06,yokohama-fc,vissel-kobe,34,18,0,3,2,三ツ沢,4458,1359,1396,-19,3
07107828,2007,10,2007-05-06,albirex-niigata,ventforet-kofu,78,28,3,1,1,東北電ス,39507,1486,1481,8,28
07100907,2007,10,2007-05-06,gamba-osaka,shimizu-s-pulse,9,7,1,1,0,万博,18223,1580,1545,-1,-5
07100105,2007,10,2007-05-06,kashima-antlers,yokohama-fa-marinos,1,5,1,1,0,カシマ,13344,1525,1492,13,12
07102703,2007,10,2007-05-06,omiya-ardija,urawa-red-diamonds,27,3,1,1,0,埼玉,33162,1441,1599,-12,6
07101308,2007,10,2007-05-06,jubilo-iwata,nagoya-grampus-eight,13,8,1,0,1,エコパ,23142,1546,1508,-10,-33
07102122,2007,10,2007-05-06,kawasaki-frontale,fc-tokyo,21,22,5,2,1,等々力,14983,1571,1453,4,-9
07100211,2007,10,2007-05-06,jef-united,kashiwa-reysol,2,11,1,1,0,フクアリ,11969,1465,1425,11,10
07111034,2007,11,2007-05-12,sanfrecce-hiroshima,yokohama-fc,10,34,0,2,2,広島ビ,13636,1505,1352,7,-20
07110508,2007,11,2007-05-12,yokohama-fa-marinos,nagoya-grampus-eight,5,8,0,2,2,日産ス,19074,1493,1501,22,-31
07110778,2007,11,2007-05-12,shimizu-s-pulse,albirex-niigata,7,78,3,1,1,日本平,12197,1546,1494,-11,8
07111131,2007,11,2007-05-12,kashiwa-reysol,oita-trinita,11,31,2,0,1,柏,9374,1426,1475,2,-14
07110113,2007,11,2007-05-12,kashima-antlers,jubilo-iwata,1,13,2,1,1,カシマ,13259,1524,1553,13,4
07112202,2007,11,2007-05-12,fc-tokyo,jef-united,22,2,4,1,1,味スタ,21821,1448,1464,-7,4
07112821,2007,11,2007-05-13,ventforet-kofu,kawasaki-frontale,28,21,1,3,2,小瀬,12686,1473,1576,13,9
07111827,2007,11,2007-05-13,vissel-kobe,omiya-ardija,18,27,0,0,0,ホムスタ,7769,1403,1445,17,-10
07110309,2007,11,2007-05-13,urawa-red-diamonds,gamba-osaka,3,9,1,1,0,埼玉,55258,1596,1579,-5,-2
07120911,2007,12,2007-05-19,gamba-osaka,kashiwa-reysol,9,11,2,1,1,万博,13765,1580,1435,9,15
07120803,2007,12,2007-05-19,nagoya-grampus-eight,urawa-red-diamonds,8,3,1,2,2,豊田ス,34347,1509,1595,-14,-9
07127801,2007,12,2007-05-19,albirex-niigata,kashima-antlers,78,1,1,1,0,東北電ス,38268,1487,1533,-9,17
07123121,2007,12,2007-05-19,oita-trinita,kawasaki-frontale,31,21,2,0,1,九石ド,15371,1466,1582,-22,7
07122734,2007,12,2007-05-19,omiya-ardija,yokohama-fc,27,34,1,0,1,駒場,9466,1444,1363,-21,-4
07120210,2007,12,2007-05-19,jef-united,sanfrecce-hiroshima,2,10,1,3,2,フクアリ,10983,1456,1494,5,-4
07122807,2007,12,2007-05-19,ventforet-kofu,shimizu-s-pulse,28,7,0,0,0,小瀬,12422,1468,1553,7,3
07121318,2007,12,2007-05-20,jubilo-iwata,vissel-kobe,13,18,2,3,2,ヤマハ,12149,1544,1404,-11,9
07120522,2007,12,2007-05-20,yokohama-fa-marinos,fc-tokyo,5,22,0,1,2,日産ス,25811,1485,1456,20,1
07133431,2007,13,2007-05-26,yokohama-fc,oita-trinita,34,31,2,1,1,三ツ沢,4935,1357,1476,-4,-3
07131811,2007,13,2007-05-26,vissel-kobe,kashiwa-reysol,18,11,2,1,1,ホムスタ,9173,1415,1430,25,17
07132208,2007,13,2007-05-26,fc-tokyo,nagoya-grampus-eight,22,8,0,1,2,味スタ,22679,1465,1503,3,-25
07130128,2007,13,2007-05-26,kashima-antlers,ventforet-kofu,1,28,2,0,1,カシマ,10081,1531,1470,7,2
07130209,2007,13,2007-05-26,jef-united,gamba-osaka,2,9,1,2,2,フクアリ,14405,1449,1585,-11,6
07131007,2007,13,2007-05-26,sanfrecce-hiroshima,shimizu-s-pulse,10,7,2,1,1,広島ビ,10514,1501,1551,4,10
07132127,2007,13,2007-05-27,kawasaki-frontale,omiya-ardija,21,27,1,1,0,等々力,14033,1572,1450,-12,-6
07130305,2007,13,2007-05-27,urawa-red-diamonds,yokohama-fa-marinos,3,5,1,1,0,埼玉,51829,1601,1476,6,3
07131378,2007,13,2007-05-27,jubilo-iwata,albirex-niigata,13,78,2,4,2,ヤマハ,11734,1533,1488,-14,-8
07141127,2007,14,2007-06-09,kashiwa-reysol,omiya-ardija,11,27,0,0,0,柏の葉,12730,1422,1452,-4,8
07140934,2007,14,2007-06-09,gamba-osaka,yokohama-fc,9,34,2,1,1,万博,19752,1590,1368,10,16
07143101,2007,14,2007-06-09,oita-trinita,kashima-antlers,31,1,2,2,0,九石ド,21804,1465,1538,-9,14
07147818,2007,14,2007-06-09,albirex-niigata,vissel-kobe,78,18,3,1,1,東北電ス,38667,1497,1424,3,20
07140502,2007,14,2007-06-09,yokohama-fa-marinos,jef-united,5,2,1,0,1,日産ス,23028,1479,1444,-14,-21
07140821,2007,14,2007-06-09,nagoya-grampus-eight,kawasaki-frontale,8,21,2,2,0,豊田ス,21190,1510,1569,9,-8
07142813,2007,14,2007-06-10,ventforet-kofu,jubilo-iwata,28,13,1,6,2,小瀬,11389,1463,1524,-10,-29
07140722,2007,14,2007-06-10,shimizu-s-pulse,fc-tokyo,7,22,1,3,2,日本平,15322,1542,1458,-4,10
07151831,2007,15,2007-06-16,vissel-kobe,oita-trinita,18,31,1,3,2,ホムスタ,13966,1417,1467,13,2
07152111,2007,15,2007-06-16,kawasaki-frontale,kashiwa-reysol,21,11,0,0,0,等々力,15244,1568,1423,-15,-12
07150705,2007,15,2007-06-16,shimizu-s-pulse,yokohama-fa-marinos,7,5,1,1,0,日本平,15078,1532,1486,-21,1
07150110,2007,15,2007-06-16,kashima-antlers,sanfrecce-hiroshima,1,10,5,1,1,カシマ,10524,1536,1510,4,16
07150908,2007,15,2007-06-16,gamba-osaka,nagoya-grampus-eight,9,8,3,1,1,万博,20473,1593,1511,13,2
07152778,2007,15,2007-06-16,omiya-ardija,albirex-niigata,27,78,2,1,1,駒場,16795,1452,1503,8,16
07153413,2007,15,2007-06-16,yokohama-fc,jubilo-iwata,34,13,1,2,2,日産ス,13605,1364,1531,1,-13
07150228,2007,15,2007-06-17,jef-united,ventforet-kofu,2,28,3,2,1,フクアリ,13229,1436,1457,-19,-11
07152203,2007,15,2007-06-17,fc-tokyo,urawa-red-diamonds,22,3,0,2,2,味スタ,38439,1468,1599,11,3
07160509,2007,16,2007-06-20,yokohama-fa-marinos,gamba-osaka,5,9,0,0,0,三ツ沢,13956,1487,1599,2,15
07167834,2007,16,2007-06-20,albirex-niigata,yokohama-fc,78,34,3,1,1,東北電ス,36182,1494,1360,6,3
07160807,2007,16,2007-06-20,nagoya-grampus-eight,shimizu-s-pulse,8,7,1,2,2,瑞穂陸,9416,1505,1531,2,-20
07161101,2007,16,2007-06-20,kashiwa-reysol,kashima-antlers,11,1,0,1,2,柏,10273,1426,1544,-4,12
07162228,2007,16,2007-06-20,fc-tokyo,ventforet-kofu,22,28,2,1,1,味スタ,17264,1463,1448,6,-22
07161327,2007,16,2007-06-20,jubilo-iwata,omiya-ardija,13,27,0,0,0,ヤマハ,9292,1535,1461,-9,11
07161021,2007,16,2007-06-20,sanfrecce-hiroshima,kawasaki-frontale,10,21,1,1,0,広島ビ,6037,1503,1564,2,-7
07160318,2007,16,2007-06-20,urawa-red-diamonds,vissel-kobe,3,18,2,0,1,駒場,16709,1604,1411,2,6
07163102,2007,16,2007-06-20,oita-trinita,jef-united,31,2,0,1,2,九石ド,15508,1474,1445,-2,-4
07170703,2007,17,2007-06-23,shimizu-s-pulse,urawa-red-diamonds,7,3,0,1,2,日本平,20300,1538,1608,-13,6
07172113,2007,17,2007-06-23,kawasaki-frontale,jubilo-iwata,21,13,2,3,2,等々力,16614,1563,1533,-9,0
07170278,2007,17,2007-06-23,jef-united,albirex-niigata,2,78,1,2,2,フクアリ,15069,1453,1499,5,11
07173411,2007,17,2007-06-23,yokohama-fc,kashiwa-reysol,34,11,2,4,2,三ツ沢,7232,1355,1421,-2,-10
07170922,2007,17,2007-06-23,gamba-osaka,fc-tokyo,9,22,6,2,1,万博,15640,1597,1470,12,5
07172831,2007,17,2007-06-23,ventforet-kofu,oita-trinita,28,31,2,0,1,小瀬,11298,1440,1465,-29,-11
07171810,2007,17,2007-06-23,vissel-kobe,sanfrecce-hiroshima,18,10,3,2,1,ホムスタ,10362,1407,1504,-9,3
07172705,2007,17,2007-06-24,omiya-ardija,yokohama-fa-marinos,27,5,0,0,0,駒場,10051,1463,1490,13,13
07170108,2007,17,2007-06-24,kashima-antlers,nagoya-grampus-eight,1,8,2,1,1,カシマ,14317,1549,1498,18,-5
07180828,2007,18,2007-06-30,nagoya-grampus-eight,ventforet-kofu,8,28,1,1,0,瑞穂陸,10264,1491,1449,-19,-14
07183402,2007,18,2007-06-30,yokohama-fc,jef-united,34,2,0,1,2,日産ス,43117,1348,1447,-19,3
07180122,2007,18,2007-06-30,kashima-antlers,fc-tokyo,1,22,1,2,2,カシマ,15712,1556,1465,18,7
07182709,2007,18,2007-06-30,omiya-ardija,gamba-osaka,27,9,0,3,2,駒場,10049,1463,1602,11,12
07187810,2007,18,2007-06-30,albirex-niigata,sanfrecce-hiroshima,78,10,2,1,1,東北電ス,40858,1506,1494,9,-16
07181107,2007,18,2007-06-30,kashiwa-reysol,shimizu-s-pulse,11,7,1,3,2,柏,11489,1427,1532,5,-10
07182118,2007,18,2007-06-30,kawasaki-frontale,vissel-kobe,21,18,2,1,1,等々力,17299,1554,1417,-15,-7
07181303,2007,18,2007-06-30,jubilo-iwata,urawa-red-diamonds,13,3,0,2,2,エコパ,35072,1542,1614,18,15
07183105,2007,18,2007-06-30,oita-trinita,yokohama-fa-marinos,31,5,0,3,2,九石ド,20315,1457,1489,-9,10
07140310,2007,14,2007-08-01,urawa-red-diamonds,sanfrecce-hiroshima,3,10,4,1,1,埼玉,38682,1621,1486,0,0
07190534,2007,19,2007-08-11,yokohama-fa-marinos,yokohama-fc,5,34,8,1,1,日産ス,53916,1496,1343,0,0
07190311,2007,19,2007-08-11,urawa-red-diamonds,kashiwa-reysol,3,11,1,1,0,埼玉,47359,1626,1421,5,0
07190727,2007,19,2007-08-11,shimizu-s-pulse,omiya-ardija,7,27,2,2,0,日本平,15047,1537,1458,0,0
07190978,2007,19,2007-08-11,gamba-osaka,albirex-niigata,9,78,3,1,1,万博,18112,1607,1514,0,0
07190221,2007,19,2007-08-11,jef-united,kawasaki-frontale,2,21,1,3,2,フクアリ,16070,1452,1559,0,0
07192231,2007,19,2007-08-11,fc-tokyo,oita-trinita,22,31,1,2,2,味スタ,20689,1475,1449,0,0
07191813,2007,19,2007-08-11,vissel-kobe,jubilo-iwata,18,13,4,0,1,ホムスタ,12624,1412,1536,0,0
07191008,2007,19,2007-08-12,sanfrecce-hiroshima,nagoya-grampus-eight,10,8,1,3,2,広島ビ,12595,1481,1490,-5,0
07192801,2007,19,2007-08-12,ventforet-kofu,kashima-antlers,28,1,0,1,2,小瀬,14316,1450,1546,0,0
07202718,2007,20,2007-08-15,omiya-ardija,vissel-kobe,27,18,1,3,2,駒場,6440,1460,1423,2,11
07202105,2007,20,2007-08-15,kawasaki-frontale,yokohama-fa-marinos,21,5,1,2,2,等々力,18095,1565,1501,6,5
07207808,2007,20,2007-08-15,albirex-niigata,nagoya-grampus-eight,78,8,4,0,1,東北電ス,42015,1508,1498,-6,8
07200102,2007,20,2007-08-15,kashima-antlers,jef-united,1,2,3,1,1,カシマ,19600,1552,1447,6,-6
07203428,2007,20,2007-08-15,yokohama-fc,ventforet-kofu,34,28,0,2,2,三ツ沢,5606,1338,1444,-5,-6
07200903,2007,20,2007-08-15,gamba-osaka,urawa-red-diamonds,9,3,0,1,2,万博,20982,1613,1621,6,1
07201110,2007,20,2007-08-15,kashiwa-reysol,sanfrecce-hiroshima,11,10,2,0,1,柏,10636,1426,1474,4,-13
07201322,2007,20,2007-08-15,jubilo-iwata,fc-tokyo,13,22,5,2,1,ヤマハ,14854,1525,1466,-11,-9
07203107,2007,20,2007-08-15,oita-trinita,shimizu-s-pulse,31,7,3,4,2,九石ド,20391,1458,1536,9,-2
07211031,2007,21,2007-08-18,sanfrecce-hiroshima,oita-trinita,10,31,2,0,1,広島ビ,10402,1464,1452,-22,2
07212211,2007,21,2007-08-18,fc-tokyo,kashiwa-reysol,22,11,0,1,2,味スタ,25373,1460,1435,-15,13
07212803,2007,21,2007-08-18,ventforet-kofu,urawa-red-diamonds,28,3,1,4,2,国立,36756,1450,1629,0,9
07210213,2007,21,2007-08-18,jef-united,jubilo-iwata,2,13,3,2,1,フクアリ,16718,1441,1532,-11,-4
07210721,2007,21,2007-08-18,shimizu-s-pulse,kawasaki-frontale,7,21,3,1,1,日本平,19073,1542,1555,4,-4
07210805,2007,21,2007-08-18,nagoya-grampus-eight,yokohama-fa-marinos,8,5,0,3,2,瑞穂陸,15703,1490,1510,0,14
07213409,2007,21,2007-08-18,yokohama-fc,gamba-osaka,34,9,1,1,0,三ツ沢,8426,1332,1605,-10,-2
07212701,2007,21,2007-08-19,omiya-ardija,kashima-antlers,27,1,1,2,2,熊谷陸,13889,1451,1557,-7,11
07211878,2007,21,2007-08-19,vissel-kobe,albirex-niigata,18,78,0,1,2,神戸ユ,9116,1431,1516,20,2
07222109,2007,22,2007-08-25,kawasaki-frontale,gamba-osaka,21,9,4,1,1,等々力,19789,1547,1600,-12,-7
07221328,2007,22,2007-08-25,jubilo-iwata,ventforet-kofu,13,28,2,1,1,ヤマハ,12757,1522,1446,-14,-4
07220827,2007,22,2007-08-25,nagoya-grampus-eight,omiya-ardija,8,27,5,0,1,瑞穂陸,10804,1482,1446,-7,-13
07220322,2007,22,2007-08-25,urawa-red-diamonds,fc-tokyo,3,22,3,2,1,埼玉,46951,1633,1451,13,-24
07220134,2007,22,2007-08-25,kashima-antlers,yokohama-fc,1,34,2,1,1,カシマ,15957,1563,1337,17,-5
07221102,2007,22,2007-08-25,kashiwa-reysol,jef-united,11,2,1,0,1,柏,10801,1443,1451,22,-1
07223118,2007,22,2007-08-25,oita-trinita,vissel-kobe,31,18,2,0,1,九石ド,17910,1444,1425,-5,14
07227807,2007,22,2007-08-26,albirex-niigata,shimizu-s-pulse,78,7,0,2,2,東北電ス,39912,1522,1550,8,13
07220510,2007,22,2007-08-26,yokohama-fa-marinos,sanfrecce-hiroshima,5,10,2,2,0,日産ス,19007,1518,1472,22,-14
07230231,2007,23,2007-08-29,jef-united,oita-trinita,2,31,6,0,1,フクアリ,10447,1443,1452,-9,2
07230513,2007,23,2007-08-29,yokohama-fa-marinos,jubilo-iwata,5,13,4,1,1,三ツ沢,10828,1517,1528,21,-8
07230734,2007,23,2007-08-29,shimizu-s-pulse,yokohama-fc,7,34,1,0,1,日本平,14167,1558,1334,20,-8
07231803,2007,23,2007-08-29,vissel-kobe,urawa-red-diamonds,18,3,1,2,2,神戸ユ,20067,1418,1638,6,17
07232711,2007,23,2007-08-29,omiya-ardija,kashiwa-reysol,27,11,1,1,0,駒場,6149,1438,1451,-20,30
07232878,2007,23,2007-08-29,ventforet-kofu,albirex-niigata,28,78,0,1,2,小瀬,9038,1439,1514,-11,1
07230901,2007,23,2007-08-29,gamba-osaka,kashima-antlers,9,1,5,1,1,金沢,16152,1591,1567,-16,21
07231022,2007,23,2007-08-29,sanfrecce-hiroshima,fc-tokyo,10,22,0,5,2,広島ビ,7122,1473,1447,-13,-28
07232108,2007,23,2007-08-29,kawasaki-frontale,nagoya-grampus-eight,21,8,1,1,0,等々力,13185,1556,1490,-3,0
07240327,2007,24,2007-09-01,urawa-red-diamonds,omiya-ardija,3,27,0,1,2,埼玉,49810,1641,1439,21,-20
07240121,2007,24,2007-09-01,kashima-antlers,kawasaki-frontale,1,21,4,1,1,カシマ,14856,1559,1555,13,-4
07242218,2007,24,2007-09-01,fc-tokyo,vissel-kobe,22,18,3,1,1,国立,23968,1456,1414,-19,2
07241307,2007,24,2007-09-01,jubilo-iwata,shimizu-s-pulse,13,7,0,1,2,エコパ,33678,1520,1561,-16,24
07243410,2007,24,2007-09-01,yokohama-fc,sanfrecce-hiroshima,34,10,1,2,2,三ツ沢,6341,1331,1465,-12,-22
07247802,2007,24,2007-09-01,albirex-niigata,jef-united,78,2,0,1,2,東北電ス,40488,1521,1451,7,-1
07240809,2007,24,2007-09-01,nagoya-grampus-eight,gamba-osaka,8,9,1,4,2,瑞穂陸,18425,1491,1598,1,-9
07241105,2007,24,2007-09-02,kashiwa-reysol,yokohama-fa-marinos,11,5,1,0,1,国立,23569,1451,1525,30,29
07243128,2007,24,2007-09-02,oita-trinita,ventforet-kofu,31,28,4,1,1,九石ド,14830,1443,1433,-6,-17
07251003,2007,25,2007-09-15,sanfrecce-hiroshima,urawa-red-diamonds,10,3,2,4,2,広島ビ,22675,1470,1629,-4,7
07250728,2007,25,2007-09-15,shimizu-s-pulse,ventforet-kofu,7,28,2,0,1,日本平,18108,1568,1425,32,-19
07250218,2007,25,2007-09-15,jef-united,vissel-kobe,2,18,4,2,1,フクアリ,13272,1461,1407,14,-15
07252131,2007,25,2007-09-15,kawasaki-frontale,oita-trinita,21,31,2,2,0,等々力,15535,1547,1451,-18,-7
07250801,2007,25,2007-09-15,nagoya-grampus-eight,kashima-antlers,8,1,3,0,1,瑞穂陸,13949,1486,1567,-12,15
07252713,2007,25,2007-09-15,omiya-ardija,jubilo-iwata,27,13,0,2,2,駒場,8432,1451,1513,-9,-12
07253422,2007,25,2007-09-15,yokohama-fc,fc-tokyo,34,22,0,2,2,国立,13835,1326,1463,-12,-4
07257811,2007,25,2007-09-16,albirex-niigata,kashiwa-reysol,78,11,1,2,2,東北電ス,40574,1511,1461,-5,26
07250905,2007,25,2007-09-16,gamba-osaka,yokohama-fa-marinos,9,5,0,2,2,万博,19419,1604,1516,-1,5
07263134,2007,26,2007-09-22,oita-trinita,yokohama-fc,31,34,2,0,1,九石ド,21371,1453,1321,9,-17
07262702,2007,26,2007-09-22,omiya-ardija,jef-united,27,2,0,1,2,駒場,8449,1444,1467,-1,16
07261808,2007,26,2007-09-22,vissel-kobe,nagoya-grampus-eight,18,8,5,0,1,神戸ユ,7793,1400,1495,-25,13
07262810,2007,26,2007-09-22,ventforet-kofu,sanfrecce-hiroshima,28,10,2,1,1,小瀬,11606,1420,1465,-25,-7
07260503,2007,26,2007-09-22,yokohama-fa-marinos,urawa-red-diamonds,5,3,0,1,2,日産ス,48166,1526,1633,8,0
07260178,2007,26,2007-09-22,kashima-antlers,albirex-niigata,1,78,3,1,1,カシマ,14812,1557,1502,-6,-20
07262207,2007,26,2007-09-23,fc-tokyo,shimizu-s-pulse,22,7,2,0,1,味スタ,30363,1468,1573,16,23
07261309,2007,26,2007-09-23,jubilo-iwata,gamba-osaka,13,9,1,1,0,ヤマハ,15797,1519,1594,-2,-6
07261121,2007,26,2007-09-23,kashiwa-reysol,kawasaki-frontale,11,21,4,0,1,柏,10648,1470,1545,27,-2
07270811,2007,27,2007-09-29,nagoya-grampus-eight,kashiwa-reysol,8,11,2,0,1,瑞穂球,7553,1485,1480,-4,28
07271334,2007,27,2007-09-29,jubilo-iwata,yokohama-fc,13,34,3,0,1,ヤマハ,10752,1521,1315,-7,-19
07270527,2007,27,2007-09-29,yokohama-fa-marinos,omiya-ardija,5,27,0,2,2,日産ス,12923,1520,1437,3,-2
07271807,2007,27,2007-09-29,vissel-kobe,shimizu-s-pulse,18,7,1,0,1,ホムスタ,9097,1411,1563,-7,5
07270931,2007,27,2007-09-29,gamba-osaka,oita-trinita,9,31,1,0,1,万博,12163,1592,1458,1,7
07271001,2007,27,2007-09-30,sanfrecce-hiroshima,kashima-antlers,10,1,0,1,2,広島ビ,13492,1456,1564,-9,5
07272128,2007,27,2007-09-30,kawasaki-frontale,ventforet-kofu,21,28,1,1,0,等々力,13438,1535,1429,-20,-4
07270378,2007,27,2007-09-30,urawa-red-diamonds,albirex-niigata,3,78,1,0,1,埼玉,47755,1639,1495,-2,-25
07270222,2007,27,2007-09-30,jef-united,fc-tokyo,2,22,3,2,1,フクアリ,15346,1475,1478,24,22
07280118,2007,28,2007-10-06,kashima-antlers,vissel-kobe,1,18,3,2,1,カシマ,10503,1569,1422,2,15
07281013,2007,28,2007-10-06,sanfrecce-hiroshima,jubilo-iwata,10,13,0,1,2,広島ビ,9363,1451,1525,-19,12
07282205,2007,28,2007-10-06,fc-tokyo,yokohama-fa-marinos,22,5,2,1,1,味スタ,21939,1470,1510,7,-5
07287827,2007,28,2007-10-06,albirex-niigata,omiya-ardija,78,27,1,0,1,東北電ス,38507,1490,1447,-21,-4
07281109,2007,28,2007-10-06,kashiwa-reysol,gamba-osaka,11,9,1,2,2,柏,10640,1472,1597,11,-7
07282802,2007,28,2007-10-06,ventforet-kofu,jef-united,28,2,0,1,2,小瀬,14037,1432,1483,7,22
07280708,2007,28,2007-10-06,shimizu-s-pulse,nagoya-grampus-eight,7,8,3,0,1,日本平,14831,1551,1493,-17,8
07283421,2007,28,2007-10-07,yokohama-fc,kawasaki-frontale,34,21,0,1,2,国立,14208,1312,1533,-14,-14
07280331,2007,28,2007-10-07,urawa-red-diamonds,oita-trinita,3,31,2,1,1,駒場,18511,1644,1453,15,2
07292710,2007,29,2007-10-20,omiya-ardija,sanfrecce-hiroshima,27,10,1,0,1,駒場,11038,1440,1444,-5,-21
07291301,2007,29,2007-10-20,jubilo-iwata,kashima-antlers,13,1,1,3,2,エコパ,25961,1531,1574,12,17
07292178,2007,29,2007-10-20,kawasaki-frontale,albirex-niigata,21,78,4,3,1,等々力,14440,1536,1497,-9,-5
07291834,2007,29,2007-10-20,vissel-kobe,yokohama-fc,18,34,3,0,1,ホムスタ,12318,1417,1308,17,-12
07290507,2007,29,2007-10-20,yokohama-fa-marinos,shimizu-s-pulse,5,7,0,2,2,日産ス,25082,1501,1558,-24,-15
07290203,2007,29,2007-10-20,jef-united,urawa-red-diamonds,2,3,2,4,2,フクアリ,16756,1490,1648,22,14
07293111,2007,29,2007-10-20,oita-trinita,kashiwa-reysol,31,11,2,1,1,熊本,14671,1449,1467,-4,-3
07290928,2007,29,2007-10-21,gamba-osaka,ventforet-kofu,9,28,5,0,1,万博,16071,1602,1425,9,5
07290822,2007,29,2007-10-21,nagoya-grampus-eight,fc-tokyo,8,22,0,1,2,豊田ス,18025,1486,1479,-9,11
07301002,2007,30,2007-10-27,sanfrecce-hiroshima,jef-united,10,2,2,2,0,広島ビ,9680,1436,1485,-20,10
07303427,2007,30,2007-10-27,yokohama-fc,omiya-ardija,34,27,0,1,2,三ツ沢,4114,1303,1448,-13,11
07301118,2007,30,2007-10-27,kashiwa-reysol,vissel-kobe,11,18,1,3,2,柏,8947,1458,1423,-22,12
07307813,2007,30,2007-10-27,albirex-niigata,jubilo-iwata,78,13,1,1,0,東北電ス,34446,1490,1524,-5,3
07300131,2007,30,2007-10-27,kashima-antlers,oita-trinita,1,31,3,0,1,カシマ,8036,1581,1458,17,-1
07302805,2007,30,2007-10-27,ventforet-kofu,yokohama-fa-marinos,28,5,1,1,0,小瀬,9056,1421,1494,-9,-25
07300709,2007,30,2007-10-27,shimizu-s-pulse,gamba-osaka,7,9,3,1,1,日本平,15898,1565,1607,2,15
07302221,2007,30,2007-10-28,fc-tokyo,kawasaki-frontale,22,21,0,7,2,味スタ,30494,1487,1543,9,8
07300308,2007,30,2007-10-28,urawa-red-diamonds,nagoya-grampus-eight,3,8,0,0,0,埼玉,52314,1652,1478,13,-7
07310501,2007,31,2007-11-10,yokohama-fa-marinos,kashima-antlers,5,1,2,3,2,日産ス,21109,1493,1587,-8,12
07310813,2007,31,2007-11-10,nagoya-grampus-eight,jubilo-iwata,8,13,0,0,0,豊田ス,17529,1482,1523,-4,-8
07311134,2007,31,2007-11-10,kashiwa-reysol,yokohama-fc,11,34,1,1,0,柏の葉,8990,1449,1298,-17,-10
07317822,2007,31,2007-11-10,albirex-niigata,fc-tokyo,78,22,2,1,1,東北電ス,37851,1491,1480,-6,1
07310902,2007,31,2007-11-10,gamba-osaka,jef-united,9,2,2,0,1,万博,20044,1598,1484,-5,-6
07311828,2007,31,2007-11-10,vissel-kobe,ventforet-kofu,18,28,4,1,1,ホムスタ,11236,1431,1422,14,-3
07310710,2007,31,2007-11-11,shimizu-s-pulse,sanfrecce-hiroshima,7,10,3,1,1,日本平,16508,1574,1437,16,-7
07312731,2007,31,2007-11-11,omiya-ardija,oita-trinita,27,31,1,2,2,ＮＡＣＫ,11752,1453,1453,13,3
07312103,2007,31,2007-11-11,kawasaki-frontale,urawa-red-diamonds,21,3,1,1,0,等々力,23355,1550,1649,14,1
07322827,2007,32,2007-11-18,ventforet-kofu,omiya-ardija,28,27,0,0,0,小瀬,15151,1415,1445,-10,5
07320307,2007,32,2007-11-18,urawa-red-diamonds,shimizu-s-pulse,3,7,0,0,0,埼玉,56368,1647,1579,-1,21
07321321,2007,32,2007-11-18,jubilo-iwata,kawasaki-frontale,13,21,1,3,2,ヤマハ,13172,1522,1552,-9,16
07322209,2007,32,2007-11-18,fc-tokyo,gamba-osaka,22,9,1,1,0,味スタ,30157,1473,1603,-6,1
07320111,2007,32,2007-11-18,kashima-antlers,kashiwa-reysol,1,11,1,0,1,カシマ,18887,1592,1446,18,-20
07321018,2007,32,2007-11-18,sanfrecce-hiroshima,vissel-kobe,10,18,1,1,0,広島ビ,13555,1432,1439,-12,22
07320205,2007,32,2007-11-18,jef-united,yokohama-fa-marinos,2,5,2,3,2,フクアリ,15678,1479,1487,-11,-14
07323478,2007,32,2007-11-18,yokohama-fc,albirex-niigata,34,78,0,2,2,日産ス,7751,1301,1499,-7,1
07323108,2007,32,2007-11-18,oita-trinita,nagoya-grampus-eight,31,8,1,3,2,九石ド,27811,1461,1483,11,-4
07332227,2007,33,2007-11-24,fc-tokyo,omiya-ardija,22,27,1,2,2,味スタ,20749,1476,1444,-12,-4
07330578,2007,33,2007-11-24,yokohama-fa-marinos,albirex-niigata,5,78,1,0,1,日産ス,24956,1495,1503,0,12
07330834,2007,33,2007-11-24,nagoya-grampus-eight,yokohama-fc,8,34,0,0,0,瑞穂陸,16370,1490,1297,12,-5
07330301,2007,33,2007-11-24,urawa-red-diamonds,kashima-antlers,3,1,0,1,2,埼玉,62123,1645,1597,-7,16
07331128,2007,33,2007-11-24,kashiwa-reysol,ventforet-kofu,11,28,2,1,1,柏,11021,1441,1415,-17,-5
07330702,2007,33,2007-11-24,shimizu-s-pulse,jef-united,7,2,2,2,0,日本平,18577,1580,1471,16,-14
07330918,2007,33,2007-11-24,gamba-osaka,vissel-kobe,9,18,1,1,0,万博,20109,1600,1439,-6,16
07332110,2007,33,2007-11-24,kawasaki-frontale,sanfrecce-hiroshima,21,10,3,0,1,等々力,16813,1560,1432,16,-4
07333113,2007,33,2007-11-24,oita-trinita,jubilo-iwata,31,13,1,0,1,九石ド,23381,1453,1515,-5,-9
07342721,2007,34,2007-12-01,omiya-ardija,kawasaki-frontale,27,21,1,1,0,ＮＡＣＫ,11268,1453,1565,0,15
07340208,2007,34,2007-12-01,jef-united,nagoya-grampus-eight,2,8,0,2,2,フクアリ,15341,1473,1486,-11,4
07340107,2007,34,2007-12-01,kashima-antlers,shimizu-s-pulse,1,7,3,0,1,カシマ,31384,1606,1578,20,4
07343403,2007,34,2007-12-01,yokohama-fc,urawa-red-diamonds,34,3,1,0,1,日産ス,46697,1301,1636,3,-13
07342822,2007,34,2007-12-01,ventforet-kofu,fc-tokyo,28,22,0,1,2,小瀬,14777,1408,1467,-14,-14
07347831,2007,34,2007-12-01,albirex-niigata,oita-trinita,78,31,0,2,2,東北電ス,37430,1494,1462,3,10
07341311,2007,34,2007-12-01,jubilo-iwata,kashiwa-reysol,13,11,4,0,1,ヤマハ,13923,1506,1449,-18,-1
07341805,2007,34,2007-12-01,vissel-kobe,yokohama-fa-marinos,18,5,0,0,0,ホムスタ,20687,1443,1503,11,10
07341009,2007,34,2007-12-01,sanfrecce-hiroshima,gamba-osaka,10,9,2,2,0,広島ビ,14173,1427,1597,-10,-1
